Model,Accuracy,Precision,Recall,F1-Score,ROC-AUC
Logistic Regression,0.98245614,0.986111111,0.986111111,0.986111111,0.99537037
SVM (RBF kernel),0.98245614,0.986111111,0.986111111,0.986111111,0.995039683
Random Forest,0.956140351,0.95890411,0.972222222,0.965517241,0.993220899
